"","Response.ID","City.area","Age","Comments"
"1","NhkQld3v","Quilcene","65-74","Hadlock"
"2","rcDT90D9","Port Hadlock-Irondale","65-74",""
"3","MJC4Ok4W","Port Townsend (outside the city limits)","65-74",""
"4","GOB62Idy","Port Townsend (within city limits)","55-64","We're less likely to use a facility in Port Hadlock than a facility located closer to Port Townsend. We would still use it but at a lower frequency because it would require driving to get there."
"5","TDCiaB8i","Marrowstone","75+",""
"6","ZREBdA4z","Port Townsend (within city limits)","65-74","This needs to be built as a multi-use fitness center. Pool, weight room, aerobics classes, indoor track around it all."
"7","1VC49BvM","Port Townsend (within city limits)","35-54",""
"8","51CKf88s","Port Townsend (outside the city limits)","65-74","We need a new facility and should not scrimp on one now just because it is expensive. It will get more expensive & a bare bones facility will not provide enough options to have a reasonable ROI."
"9","6zEBBJ16","Port Townsend (outside the city limits)","18-34",""
"10","d4DTntZh","Port Hadlock-Irondale","65-74","I am very excited about the possibility that the new center will be located near the primary school and library in Port Hadlock. We take care of our toddler granddaughter 2 days or more a week. I would love to have a place to take her for swim lessons and recreation and I would certainly use a fitness room and the pool 4 or more days a week. Right now we have to drive 5 miles to work out at Evergreen Fitness. I love the idea of a community gathering place/pool/fitness center in Port Hadlock, which IS the designated Urban Growth Area of Jefferson County."
"11","TJB6es9I","Marrowstone","35-54","I think it is essential for ALL kids to learn how to swim proficiently so that ALL adults can swim proficiently, particularly when living amongst so much open water. I was taught in a community pool at 6 months of age and prioritized teaching my children at a young age (but a little older for ears safety). I would love to see a nice, functional pool happen. I don’t believe in anything state of the art or competition level- it is too much financial burden on the majority of this community. I also believe a pool is extremely beneficial to the vast older population for health purposes or for those recovering from injuries. EDUCATION is key. Please promote swimming programs in the school systems (elementary) and make it accessible for all, not just the financially privileged. In the end, I am fully comfortable swimming in our cold waters 6 months out of the year so I do not need this pool, however I do believe it is optimal for all in our community to have access to one, especially if it can be incorporated into our early education programs. If adding a gym or cafe makes it more appealing, so be it. I will support that. Thank you for this convenient opportunity to voice an opinion."
"12","KnB6knvX","Port Townsend (outside the city limits)","65-74",""
"13","J5CKMuCf","Port Townsend (outside the city limits)","35-54",""
"14","95CKHOiR","Quilcene","65-74","Seniors cannot afford property tax increases.  This project needs to be self sustaining."
"15","zrkExhca","Port Hadlock-Irondale","65-74","I think it is a good thing. I grew up swimming every day in the summer and it is great exercise and important for kids who live around this much water to know how to swim."
"16","YDC4j0fF","Kala Point","65-74","Even tho I'm retired & have a grown son, swim lessons & competitive swimming were a very important part of our sons & our lives. As I age, having access to lap swimming, water exercise & possible water rehab as needed, is important to me. I think part of the problem with getting enough support for a pool, is too grand of a plan with too high of a price. How about starting with a pool that will support multiple needs & add gyms, etc down the road as needed? Our pool was on its last legs 30+ years ago when our son was swimming. We have been trying to rehab/replace it that whole time. It goes nowhere because the wish list is too extensive & expensive for our community to support.  We just need a pool."
"17","sOkHtZI9","Quilcene","35-54",""
"18","o1B6PBoj","Port Hadlock-Irondale","65-74",""
"19","csDT9DAV","Port Townsend (within city limits)","55-64","Thanks for your efforts and good luck!"
"20","j9CKDZxx","Kala Point","65-74","I’m concerned about the access/egress to the facility. I would not want additional traffic  on Cedar impacting the residents. It seems very unfair for all, (Forks, etc)  residents of Jefferson County to have to pay for a facility that they would rarely, if ever, use."
"21","7SCKvKZf","Port Townsend (within city limits)","65-74","I would like gym equipment"
"22","6aCivOQX","Port Townsend (within city limits)","55-64",""
"23","UlCiMwQ4","Port Townsend (within city limits)","75+",""
"24","jmDTVYco","Port Townsend (within city limits)","65-74",""
"25","FHDTxUO8","Port Townsend (outside the city limits)","55-64",""
"26","jwCKprEf","Port Townsend (within city limits)","75+","This type of facility is an important resource for our community."
"27","OYEBgMw0","Port Ludlow","75+","I like the central county location.  I would not use one in PT.  I would love to see  midday (not early morning or late afternoon/evening) water aerobics classes!"
"28","1ACYLURA","Port Hadlock-Irondale","35-54","I have grandchildren that also live here locally.  I am looking forward to having a local indoor recreation place to go with them. I am hoping it won't be too costly!!  Would LOVE to have an aquatics center similar to the one on Bainbridge Island!!"
"29","wzfSrh2u","Port Townsend (within city limits)","55-64",""
"30","22CY8Gaw","Port Townsend (within city limits)","65-74",""
"31","3YfkPcIK","Port Townsend (within city limits)","18-34",""
"32","CbkcBTnM","Port Townsend (within city limits)","75+","I would like it built in Port Townsend city limits."
"33","0IC49w8x","Port Townsend (within city limits)","55-64",""
"34","wVCKkBLP","Port Hadlock-Irondale","35-54","We need this facility."
"35","PfDTH8gz","Port Hadlock-Irondale","35-54","I think this is an amazing idea to add this in port Hadlock, with the sewer going in and Hadlock allowing growth this will be huge for the community especially adding things for older teens to use at the center!"
"36","oRCKsQVw","Port Hadlock-Irondale","75+",""
"37","XPCiOI2l","Port Townsend (within city limits)","55-64","Why should west Jefferson County have to pay?"
"38","ybfvAt60","Port Townsend (within city limits)","55-64",""
"39","GSkKo4JL","Port Townsend (within city limits)","35-54","Add/modify bus routes to help those who visit and work there."
"40","qKC4ZpDu","Port Townsend (within city limits)","55-64",""
"41","LRCK6YuE","Port Townsend (outside the city limits)","35-54","As a parent of a teen and younger kid, I understand the need for additional recreational, childcare, and youth based activities. As a local medical provider I also understand the need for additional exercise and health based services. I highly support this effort and would use the services regularly."
"42","dWCYmhz1","Port Townsend (within city limits)","75+",""
"43","uCCKEfi4","Port Townsend (within city limits)","55-64","Would like to see it built closer to port townsend"
"44","qrCKsEfc","Cape George","65-74",""
"45","4mEBpDHk","Port Townsend (within city limits)","65-74","Check out Lopez Island’s new pool. They have managed to break ground and start building in less time than we have been arguing about it."
"46","ObCKqxfZ","Kala Point","65-74","I think it is important to have amenities like this to attract young families to our community. It would be a partnership with the hospital to bring together people if all ages. Look at the overload of physical therapy needs that the hospital cannot accommodate.  I hope this becomes a reality for our community. Top notch state of the art. Could possibly be built in a way that could grow and expand over time to address costs. Would love a pool that was built in a way for open air when the weather is good in the summer."
"47","qFfUU75M","Port Townsend (outside the city limits)","55-64","A slot of time daily for Elder water programs. Elder group exercise."
"48","01CioRx8","Port Townsend (within city limits)","75+",""
"49","K3C4qDN7","Port Ludlow","35-54",""
"50","dUfZIY0r","Port Ludlow","55-64",""
"51","sPB6STSB","Brinnon","35-54",""
"52","hPC44nak","Port Townsend (outside the city limits)","75+","Early AM Adult LapSwimming Workouts. Mountain View Pool is a joke and an affront to any serious lap swimmer"
"53","f9kzmjhp","Port Townsend (within city limits)","65-74",""
"54","RqEB2REh","Quilcene","65-74","Valuable but expensive stay focused on priority swimming then build out other desirables as funding allows over time. If membership fee too expensive will not be able to participate as on fixed income. Consider option style memberships, senior and low income rates for optimal levy acceptance"
"55","XufBnGgc","Port Hadlock-Irondale","35-54","Broad use options are so important in a rural community.  Childcare options are also very important even if I would not use because I don’t have children"
"56","c1CihwJO","Port Townsend (within city limits)","65-74",""
"57","HZkpgLSG","Port Townsend (within city limits)","65-74","An aquatic center is essential for east Jefferson County. Since my husband and I are in our 70s we would use it because water activities and therapies of all kinds are so helpful to our health. But I feel very strongly that a new and extensive aquatic/athletic center would be especially beneficial for the teens, children, and young adults in our community. I've lived many different places and I've seen the positive effects a community based center like this can have on the physical, mental and social health of a city, or in this case a county. We support this effort 100%. We may not live long enough to use it but our many younger family members who live here will definitely use this facility and benefit from it. One more thing, such a facility will also will improve value in multiple ways for east Jefferson County. Thanks!"
"58","QBCiKNCP","Port Townsend (within city limits)","65-74",""
"59","GBEB3WBl","Port Townsend (within city limits)","55-64","I will only use the pool if it salt water (non chlorinated). Myself, and many others, have medical problems aggravated by chlorine."
"60","GfB6aiSs","Port Townsend (outside the city limits)","55-64",""
"61","zdCiwfHC","Port Hadlock-Irondale","18-34",""
"62","dOEBmk5j","Port Townsend (within city limits)","65-74","I am completely against the add-ons like climbing wall, kitchen, party spaces, child care, classes etc and will not support the pool if they are part of the plan."
"63","NWB6czLb","Port Townsend (within city limits)","55-64",""
"64","Uifkmk2l","Port Hadlock-Irondale","75+","My wife and I take care of our 2-year-old granddaughter a few days a week. We would definitely bring her there for swimming lessons, rec.play, play groups, whatever is offered. My wife would swim and attend water aerobics classes, and we both would use a fitness room several times a week."
"65","0FCiaDFw","Port Townsend (outside the city limits)","75+","When my children were young they all became members of the PT swim team and attended many swim meets at other pools.  Of course this was after taking swim lessons.  I also swam on an adult swim team that attended meets with other adults. Those were good years. Now as an older person, I would be at least enjoying the therapy part of using a pool. It is easier on the body to do therapy in a pool and I would enjoy the hot tube area if available."
"66","Brk8aDuZ","Port Hadlock-Irondale","75+","Very important to community. It really is a necessity. Love the idea it can be used for all ages."
"67","mmEBiepf","Port Hadlock-Irondale","65-74",""
"68","UfCY1TCW","Port Hadlock-Irondale","35-54","There were no questions about disability friendly innovations or programs. I would like to see this in the options.  Hot tubs yes, how about cold plunge or cold room facility?  I would like to see this as a walkable facility to get too. Less cars. Please plan all of this with a walkable neighborhood vibe for those of us who already live in the area. I know there will be cars, but if you make it walkable to those who live here, then there will be less cars. Bike lanes too.  The taxes. Times are hard. Get creative with those less fortunate on fixed incomes or disabled home owners. They are the ones who are going to hurt or be pushed out of their homes to fund stuff like this. They live in Hadlock because it is more affordable. What will you do for them to stay here while we improve our county offerings.? The taxes need to be less painful for those people who have been here a long time and are just trying to survive. How do they get to have access to an amazing space, but still afford to eat or pay for their house? Sone can afford these taxes. Some cannot."
"69","L5CKXRUj","Port Townsend (outside the city limits)","65-74","I would love to have a pool at the park near Chimacum High School"
"70","TfC4wJRD","Port Townsend (within city limits)","35-54",""
"71","VbC490NY","Port Townsend (within city limits)","65-74","Way too many Christmas Tree Ornaments on this.  We do not need a lazy river or other things.  It will not be a major tourist attraction, nor will it attract more high roller real estate investors. People come to our area from urban environments to enjoy our natural features. We just need a basic pool for the year around folks.  Swim lessons are important along with water aerobics.  Stop trying to duplicate services that are available in our community.  Also, more honesty as to the full impact of the tax increase."
"72","IFC4A0II","Port Townsend (within city limits)","65-74","Glad to hear this project is moving forward"
"73","vtfMQCnp","Port Townsend (within city limits)","65-74",""
"74","YACYQT0F","Port Townsend (within city limits)","35-54","Please build us an awesome center like port Angeles! I would be most likely to use if it was salt water or very low chlorine and full length."
"75","HXk7o9qK","Port Townsend (within city limits)","65-74",""
"76","b1fsiWF2","Port Townsend (within city limits)","65-74","I think the spot you picked is great"
"77","g7fVkNwX","Port Townsend (within city limits)","35-54",""
"78","99CiyXmL","Port Townsend (within city limits)","75+",""
"79","YKCiYUV7","Chimacum","65-74","Glad it is going in Hadlock.  Wonderful opportunity to have it by the library, school, and new habitat development."
"80","gHEBZ6fJ","Marrowstone","65-74",""
"81","RSB6wm9M","Marrowstone","65-74",""
"82","DwC4I5ll","Marrowstone","75+","I had polio in 1954 and had to stop my 1.5 mile daily walks a couple of years ago because of leg weakness. Swimming is the perfect exercise for me. It's why, as a teenager, I because a very accomplished swimmer. We had a small cottage on a lake in Michigan. I would swim the 3/4 mile across the lake and back at least once a week, plus every day swimming and diving."
"83","vlC4e1Ai","Quilcene","65-74","Because I live in Quilcene, an aquatic center in Hadlock is MUCH more appealing to me than a center in Port Townsend. I would use it primarily for therapeutic purposes."
"84","Z3fDx3nF","Port Townsend (outside the city limits)","75+","It sounds very interesting. It is very necessary."
"85","8IC4efqQ","Port Townsend (within city limits)","65-74","The survey questions sound like the plan is for an outdoor unheated pool. We think an indoor pool is crucial. We also think there need to be adult free swim times so we could do water aerobic or physical therapy in the pool. Earlier questions in the survey regarding our current pool use: the Mountain View pool is awful, we don’t use it. Other places we have lived and had access to a pool, we swam at least once a week. Best of luck. We are loooong overdue for a better aquatic facility for our kids, for our aquatic safety, and for the better health of the county."
"86","KqCYc5dP","Port Townsend (outside the city limits)","35-54",""
"87","QkfjMmfk","Port Townsend (within city limits)","55-64",""
"88","q1C4Qars","Port Townsend (within city limits)","65-74","Think location near county library an excellent idea."
"89","L1CYAV9b","Quilcene","35-54",""
"90","1mkVhxJa","Port Townsend (within city limits)","65-74",""
"91","QbB6h7FB","Port Townsend (within city limits)","55-64",""
"92","dNCK3ITQ","Chimacum","35-54","Child swim lessons would be amazing!"
"93","z5DTvlqT","Port Hadlock-Irondale","18-34",""
"94","f0EBMiVI","","55-64","Please just build a pool, I have multiple chronic illnesses and it is an ideal form of exercise for me!"
"95","kfB6tRLr","Port Hadlock-Irondale","65-74","What a fabulous location. Nearby schools and homes with kids that will thrive with a facility like this!"
"96","aMEBmc53","Port Townsend (outside the city limits)","35-54","Although my kids are ready to leave for college, I think about what we would have loved when we were a young family. A large, state-of-the-art pool facility would have been a dream come true in Jefferson County and we would have used it all the time. I hope that we can bring this valuable resource to the families of Jefferson County, and not shortchange them in favor of louder, older voices."
"97","pZDTzMgk","Port Hadlock-Irondale","65-74",""
"98","X5kd4xEE","Port Townsend (within city limits)","65-74","Both my children learned to swim at the local pool and went on to competitive swimming. Kind of sad the peninsula doesn’t have a real swimming pool."
"99","v3B6jKfP","Port Townsend (within city limits)","65-74",""
"100","EXB6SUWo","Chimacum","55-64",""
"101","onCYx1xx","Marrowstone","65-74",""
"102","b9C4zXEJ","Port Hadlock-Irondale","35-54",""
"103","b9kBhBqk","Quilcene","35-54",""
"104","hmCiJwbG","Port Townsend (within city limits)","75+","We need a therapy pool that is warmer than current swimming pool. I would have been a regular user for years if there were a pool that was warmer.  My muscles cramp in cold water."
"105","h4EB3VJ7","Port Hadlock-Irondale","18-34",""
"106","EYEBPgMh","Port Townsend (outside the city limits)","35-54","Allow independent, private developers to bid on and build aquatic centers, housing developments, stores, restaurants, hotels, golf courses, everything. The development restrictions in Jefferson County are absurd and will lead to long lasting inequality and infrastructural decay. This pool is never going to happen unless it is built by a private developer. I can also say that there is absolutely no way I will vote for this to be tax payer funded at any level. I would however rejoice in private development of any kind in Jeffco."
"107","7eEBbCHV","Chimacum","18-34","I love the idea of a pool/recreation facility located in Port Hadlock near the library and elementary school. Though I do not have kids myself, so I answered no too many of the questions about childcare, I think it is extremely important to provide childcare and youth education opportunities. I am a farm worker so I would absolutely love to have access to a sauna, therapeutic opportunities, and lap, swimming. The idea of community spaces, community kitchen and shower facilities is also really important for our community and exciting! I personally have so much excitement about the climbing/boulder gym idea. Bring climbing to Jefferson County!! Bouldering or ropes I would definitely use frequently and know many people who would be excited about this. While I am supportive of a sales tax to fund this project, I wonder if there is a tax that can be focused on people with the higher incomes to fund it as well."
"108","lSB675rh","Port Townsend (within city limits)","65-74","I would have liked to have seen a ""once a month"" option on the how often would you use the facility.  I do support the idea of this center in Chimacum. I especially like the idea of it being configured for more uses along with the pool."
"109","WTCikkYZ","Port Hadlock-Irondale","55-64",""
"110","kCCKjE4b","Chimacum","18-34",""
"111","mkB6agZ1","Port Hadlock-Irondale","35-54","Very excited about h to e prospect of having a new aquatic and recreation facility in Port Hadlock!"
"112","fmB649WQ","Port Townsend (within city limits)","65-74",""
"113","uYfC0fLi","Port Townsend (within city limits)","65-74",""
"114","ZnC4HTGg","Port Townsend (within city limits)","65-74","I would use the pool more if it was in PT"
"115","l9EBng5I","Kala Point","35-54",""
"116","TlEBswPk","Port Townsend (outside the city limits)","35-54",""
"117","sGkB1lpM","Quilcene","35-54",""
"118","8zC4j9d4","Port Hadlock-Irondale","55-64","Glad a Hadlock/Chimacum location is being considered."
"119","dzfD9kw8","Port Townsend (within city limits)","65-74",""
"120","KYfkiTqw","Port Townsend (within city limits)","75+",""
"121","29C4f3aJ","Port Townsend (within city limits)","65-74",""
"122","dWCiSMlD","Port Townsend (outside the city limits)","55-64","Hadlock is the perfect place for such a regional treasure. Kids and adults alike need community minded exercise options. Kids aren’t learning how to swim now and it causes danger in many outdoor situations."
"123","KrB6Mtdo","Chimacum","35-54","Port Hadlock is an ideal location for a county facility. Please plan for a sufficiently sized parking lot. Multi-use spaces in addition to pools would be wonderful."
"124","gzCKnGhn","Port Townsend (outside the city limits)","35-54","I miss having a pool to use for lap swimming and if we had easy access to one I would use it several times a week."
"125","InB6oMU7","Chimacum","65-74","Don’t try to have everything or it won’t get built. Just build a swimming pool."
"126","eafSn3qW","Port Townsend (outside the city limits)","75+",""
"127","t1DTgZxv","Port Townsend (outside the city limits)","75+","used the pool daily when younger.we support uses for younger people -my daughter used the pool daily as a teenager. healthy place for younger folks to go and recreate"
"128","x1B6yD68","Port Townsend (within city limits)","75+","Why not a HEATED outdoor pool open in the summer? Why unheated? Sounds crazy at this latitude."
"129","GtkGSYF2","Port Townsend (within city limits)","75+",""
"130","X5CKJNBw","Port Townsend (within city limits)","75+",""
"131","IDfQEEg5","Port Townsend (outside the city limits)","65-74",""
"132","UsCKXPVy","Port Hadlock-Irondale","65-74",""
"133","2PEBPdv5","Quilcene","35-54","Locating in Hadlock is an accessibility game changer for S County, fully support this facility"
"134","jIDTpeJf","Port Townsend (within city limits)","65-74",""
"135","6uB6Hbve","Port Hadlock-Irondale","65-74",""
"136","wMfy0Hdn","Port Townsend (within city limits)","75+",""
"137","IQCiw8TM","Port Townsend (within city limits)","35-54","Let's do it!"
"138","pef5uShx","Port Townsend (within city limits)","75+",""
"139","5CfIOqPc","Port Townsend (outside the city limits)","65-74",""
"140","lIDTyrBg","Port Townsend (within city limits)","75+","Keep it simple…just a pool.  As inexpensive to build and maintain as possible."
"141","Xbk6RsLD","Chimacum","18-34",""
"142","vSCiJjyy","Port Hadlock-Irondale","75+",""
"143","iiCK7UZT","Port Townsend (within city limits)","75+","Please consider construction of a saltwater pool rather than a chlorinated one."
"144","SBk74yjt","Quilcene","75+","Pleased about central location. Even though my use would be limited, i see the value for the community. Concerned, though... With present federal chaos, that there is small chance of  grants to subsidize the cost. The details and scope of planned pool facility will reveal the actual possibilty of this small tax base being able to afford the cost."
"145","3vC4ynP7","Port Townsend (within city limits)","35-54","I never used the pool because I never felt welcome there. I appreciate the outreach and hope this pool is accessible to and welcoming of the diverse backgrounds in our community that are often left out"
"146","OZCY65XV","Port Townsend (outside the city limits)","55-64","I don't use the Mountain View pool because the acoustics are poor in the building so that it's very loud and unnerving, also there is too much chlorine in the pool and it hurts my eyes, and the dressing rooms have very little privacy. If those things were addressed in the planning and construction of this aquatic center, I would love to use it because I love to swim. When I lived in Port Ludlow, I frequently visited that pool."
"147","y2B6jHLV","Chimacum","65-74",""
"148","lVCif2hp","Port Ludlow","35-54","I would love it if a pool was built in port hadlock!!!"
"149","h5CYyv2E","Port Ludlow","35-54","I don’t have children but would support the tax for an aquatic center for kids and teens too, whether in Port Hadlock or Port Townsend. Though, personally, I would use it more in Port Hadlock, it seems most people are in Port Townsend so perhaps it should be there instead."
"150","WZfPuLIc","Quilcene","35-54",""
"151","oFCYYxxy","Port Townsend (within city limits)","35-54","Personally I would love to see more diversity in the facility and curate a therapeutic pool space for aquatic bodywork in our area "
"152","C6k1RDn3","Coyle","65-74",""
"153","i5B6Dv2e","Marrowstone","65-74",""
"154","hcEBXWii","Port Townsend (within city limits)","65-74","Very important for the youth!"
"155","1dC4vYt0","Port Townsend (within city limits)","65-74","The current Port Townsend pool is aging and the community needs a new pool. In the past political  pressures by a minority of people have obstructed that process. I hope that the County Council gives themselves the opportunity to act as leaders and approve a new pool. If costs are an issue (as they always are) please retain the aquatic aspect of the plan and let go of the non- aquatic. There are many  private and public non-aquatic activities already available, however there is no decent pool. Please, just be sensible and take the middle path this time."
"156","86CYxXVO","Chimacum","65-74","Don’t be greedy, we need modest facilities and then add on late."
"157","TCEBxjUk","Port Townsend (outside the city limits)","65-74",""
"158","QcCYSOdy","Port Townsend (outside the city limits)","65-74","It would make sense to have a 50-meter pool with capability to partition into 2 25-yd pools to give swimmers in this area exposure to long-course practice and events, as well as traditional short-course."
"159","aXC4xj8r","Port Hadlock-Irondale","55-64",""
"160","mFCKbnb3","Port Ludlow","35-54","This would benefit every age group across the board. We live near water and it is improtant to have swimming lessons close by. We have been driving 45 min to the Y in Silverdale. I grew up having access to a community pool and as I age I would love to use it for exercise and rehab if injured. A coffee shop and social gathering place would also be such a benefit to the area."
"161","zTCYSh5b","Port Townsend (outside the city limits)","35-54",""
"162","EakWUBv0","Port Townsend (within city limits)","18-34",""
"163","2rkHF1fT","Coyle","55-64","The premise at the outset of the survey that rehabilitation/repair of the current pool facility is stated as fact without any support.   If you begin the survey with this premise, and if it is supported by research and investigation you should state this and explain what work was done to determine this.   It may very well be true but it deserves a short explanation about how this conclusion was reached.   Some people responding to this survey may be put off by a survey that begins from that premise without more."
"164","xMEBhrG8","Port Townsend (within city limits)","65-74","I completely support an aquatic center. However I have reservations about it turning into a complete sports and health facility. While I love the idea of those add-ons, I can’t afford any more taxes to pay for it. Keep it focused on aquatics and I am 100% supportive."
"165","Q2CixZ2J","Chimacum","35-54","Disappointed that you didn’t use the data collected by the task force on choosing the site."
"166","3aB64mss","Port Townsend (within city limits)","75+","Why is the facility planned for Port Hadlock?  Is it because county residents outside of PT don’t want to pay for something that is located in PT?  Please consider the reverse of that when asking PT residents to pay for a facility in Hadlock."
"167","tICiITN0","Marrowstone","55-64",""
"168","hGEBxpq1","Chimacum","35-54",""
"169","WFDTsHhm","Chimacum","35-54","The site by habitat is not ideal - it's off of major arteries and poses a challenge for those who live rural. Would prefer the site across from HJ Carrol Park - easier access for more county residents."
"170","3RfLIPlb","Port Ludlow","75+","Most people in Port Ludlow have access to a pool and rec facilities at one of the two clubs. We don't, and I really miss having a swimming pool close by. I planned to vote for the pool even if it were in Port Townsend, where I don't often go, because of its value to the community. But if it's in Port Hadlock, it's close enough that I can use it!"
"171","ZlEBq6xp","Port Townsend (within city limits)","65-74","I support the goal of a new aquatic facility , a reasonably big pool with an area for young children. In my opinion, saunas, gymnasiums,or meeting/event spaces are superfluous to the need for a pool that will last for many years. If it is built I intend to use it occasionally. My extended family members in the area would use it more frequently."
"172","KqCikKIq","Port Ludlow","65-74","I have concerns about trying to be more than an aquatic center and creating a burden for maintenance and sustainability.  The project planners need to be clear about the end goal and not try to include additional non-aquatic infrastructure that will be costly to sustain just to gain interest.  Must also keep n mind the impact on the environment of Hadlock-Irondale in terms of public safety."
"173","XCDTgWSK","Port Townsend (within city limits)","18-34",""
"174","34C42x0J","Port Townsend (within city limits)","75+","Would be a great asset to the community for all age groups."
"175","9oB6vwBW","Port Hadlock-Irondale","35-54","I would love to access to work out facilities in Hadlock during the winter. I didn’t really care for a port Townsend pool, but have gotten excited about the new location in port Hadlockvclose to my home . I could ride my bike to the purposed site and would enjoy pool access and fitness classes like yoga. I would also love a public gym for cardio and weights., A sauna and showers woukd be amazing!!!!"
"176","0BCYX66V","Port Hadlock-Irondale","35-54",""
"177","hOkrSaKq","Port Townsend (within city limits)","65-74","Although our family would not participate in youth activities, we do think they are important to the needs of a diverse community. We are curious to know what the future plans are for the Mountain View Pool facility if the new aquatics center is built."
"178","KcC4HY9I","Chimacum","65-74","I would highly object to building a pool with public funds then having it run by the YMCA.  I believe that would be a misuse of public funds for a private organizations gain. The Y took over the Sequim Aquatic center and raised the rates, which are significantly higher than at the Port Angeles pool.  If the pool is built with public funds, it should be run by the county."
"179","fSfPY3dm","Marrowstone","18-34","This facility would be an amazing asset to our community. People of all ages would benefit from this."
"180","08fzd3vQ","Port Ludlow","65-74","A Port Hadlock/Tri-Area location will be certain to increase accessibility and participation for more county residents, their guests and area visitors. Aquatic activities are a great boon to fitness, fun and wellbeing for all age groups."
"181","czCKV9bA","Port Townsend (within city limits)","35-54","Pool for swimming lessons and fun! And outdoor splash pad would really sweeten the deal."
"182","ZyEBwlZv","Port Townsend (within city limits)","65-74","I'd like to see a zero clearance pool so elders could enter the pool easily and the very young would be safer.  I'm not a fan of chlorine (it makes my eyes and nose run) could UV be used? or some other less toxic disinfectant? I'd love to have access to water exercise classes."
"183","TCCim4EQ","Port Townsend (within city limits)","65-74",""
"184","H2CKTOZ6","Chimacum","65-74","I believe the cheaper you make it, the more people will be willing to pay taxes. I think it is a mistake to try to go beyond the aquatic facility notion. If you start trying to spend money on pickleball courts, cafes, etc. the cost will just get too high.  Why not consider doing the development in two stages? Try to get the aquatic facility built first? See if it is successful, then possibly add a recreation facility later? I am willing to pay more taxes but many of my neighbors out here in the County are Republican, and they are totally against an increase of taxes. This will never work unless you make it as reasonable in cost as possible. There are a lot of rich people in Port Townsend, but not out here in the County."
"185","6Aksv9Dd","Port Townsend (within city limits)","65-74",""
"186","zKflmmpR","Quilcene","55-64",""
"187","OFCiE6Q3","Port Townsend (outside the city limits)","65-74","Extended hours for lap swimming would be ideal to be able to avoid crowds. Or perhaps a lane reservation system."
"188","YsfrjI7z","Chimacum","35-54",""
"189","BICYyx7z","Port Townsend (within city limits)","18-34","I think adding more activities for kids, teens, and young adults will make living in the area better and give the youth things to do around the small towns"
"190","scCiTY90","Chimacum","35-54",""
"191","uvEBc8u3","Port Townsend (outside the city limits)","75+",""
"192","0zEBVCT9","Port Hadlock-Irondale","18-34",""
"193","DeCKbZ6C","Chimacum","75+",""
"194","1oB6iT4l","Port Townsend (within city limits)","35-54","We want this"
"195","hDCKz1jm","Quilcene","18-34",""
"196","EBC4R0eX","Marrowstone","55-64","I had no interest in the pool when it was going to be in PT but I support the proposed location next to Chimacum school and would use the facility."
"197","8gCKrAck","Port Ludlow","35-54",""
"198","yaCYi5w6","Port Townsend (outside the city limits)","65-74",""
"199","lPCiZh6h","Port Townsend (within city limits)","18-34",""
"200","TxfvZKGN","Port Townsend (outside the city limits)","75+",""
"201","rWklp3Nx","Port Townsend (outside the city limits)","55-64","I feel the process was not transparent, so I have no trust in this new pool/ facility. I will not use it if the YMCA is involved, due to how they treated a PT member. I believe the cost is too high."
"202","m7B6nayv","Quilcene","35-54","Having another gym area would be a huge help for our local youth sports."
"203","S8CiDzDA","Port Hadlock-Irondale","35-54",""
"204","XtCYKrwr","Port Townsend (outside the city limits)","65-74","Thanks for all the work you are putting into this project."
"205","fmCYWNLV","Discovery Bay","55-64",""
"206","ChCiH8Gx","Discovery Bay","75+",""
"207","Qrkvkssa","Port Townsend (within city limits)","75+",""
"208","AhfdOeay","Marrowstone","75+",""
"209","dOfwVQsm","Port Ludlow","65-74",""
"210","1bCKZdrv","Port Townsend (outside the city limits)","55-64","Though we no longer have young children or teens, we work for Chimacum School District and see a long, overdue need for this recreation center for families in Jefferson County."
"211","zskW5CTp","Port Townsend (outside the city limits)","65-74","It will be a good addition for the county and good location.  I am concerned with overall costs and if the planning/construction can be done in stages so we can all be behind the project and get at least a replacement pool in the future."
"212","9yCYhp1g","Port Townsend (within city limits)","55-64","I heard there will be a $20 million bond and cost could be as high as $40 million. For that kind of money, I’d prefer that we support our young people and families by offering enrichment programs. We need programs to keep and bring in younger people and families. $20 million can provide a lot of programming."
"213","Hmf4kVw3","Port Townsend (within city limits)","65-74","very supportive"
"214","2hB6bxaq","Port Townsend (outside the city limits)","75+","For the future of this greater community I believe an aquatic center for all age groups is very important"
"215","nhDTuBEJ","Port Townsend (within city limits)","65-74","Although I might not utilize the pool myself, I think it’s a very important community asset in attracting and retaining younger workers and their families.  Who wants to work in a community that can’t even provide aquatic activities for their kids?  Given our proximity to salt water for boating, kayaking, etc.  swimming and water safety instructions should be readily available and affordable for young and old alike.  It’s irresponsible not to.   Also to be taken into consideration are public transportation options and regular schedules that will make it quick and easy to get to the pool without driving.  Having it located near the library is perfect:  we can dip into the pool and into our favorite books on the same trip.  Thanks and best wishes in helping make this a reality!"
"216","UNCKfos8","Port Townsend (outside the city limits)","35-54",""
"217","4RB6ffxq","Chimacum","35-54",""
"218","ihCi5oc4","Port Townsend (outside the city limits)","35-54",""
"219","MDDTBUC2","Kala Point","65-74",""
"220","FzCidCmx","Chimacum","65-74","Stick to the basics to keep costs down and it actually happens"
"221","yIfoacX6","Port Townsend (outside the city limits)","55-64","Before the pandemic I participated in water aerobics at the Mountain View pool three days a week. My husband did lap swimming a similar number of days per week. I have not been back since, unfortunately. The women's locker room is way too crowded, the pool is often closed for various reasons, and my preferred instructor no longer works there. The Hadlock location would be much more convenient for us. Please do not suggest building the Taj Mahal. Please just build a pool with the core requirements. Too many Jeff Co. residents won't vote to pay for it. We will, enthusiastically, but those ""no PT pool tax"" signs are real."
"222","G3fzWm0t","Port Townsend (outside the city limits)","65-74",""
"223","zHB6ArUT","Port Townsend (within city limits)","55-64",""
"224","KJCieUqB","Port Townsend (within city limits)","75+","I have heard much muttering that too little space has been left for lap swimmers who have had to wait in line for available lanes. Can a balance of usage be sorted so lap swimmers  can rely on regular, reliable access?"
"225","RmB63ABX","Port Ludlow","55-64",""
"226","HJC4XEW2","Port Townsend (outside the city limits)","35-54",""
"227","yFCiA4P7","Quilcene","65-74","I visited a swimming pool in Lynnwood with my little grandson and the facility had wonderful ladders and slides for toddlers with shallow water. I would love to see  elements appropriate for little children. They also had a ""river"" of water that people could walk or swim through. That was fun. My grandson would visit to go to the pool here with us. I used to visit the pool in Sequim where I enjoyed the hot tub area. It was social and very nice for relieving body aches and such. Even though I most likely would not personally use elements in a facility designed for teens I would love to see those things. I'm not sure what they love these days, but perhaps a game room might be nice for them with foosball, pool, chess, checkers, etc. Exercise equipment could be included in the teen area or in a separate space. Entering a pool can be hard on old legs. It would be nice to have some stair entrances to some of the swim areas. I LOVE the idea of indoor pickleball."
"228","A9kIw32J","Port Hadlock-Irondale","55-64","While we might not be a frequent user of the facilities, we do believe that this is important for those with families in our community."
"229","7JC4A1Vr","Coyle","35-54","I do not support a county wide pool tax … there is plenty of money to support it in a town like Port Townsend (for example), not necessarily a place like Coyle (for example). There should be an alternative way to fund it."
"230","4CEB3lBF","Port Townsend (within city limits)","65-74","lots of old people need it for the only exercise they can do with their fragile bodies"
"231","r2kxqQSo","Port Townsend (outside the city limits)","55-64","Thank you for asking for our input."
"232","6RC4l5mi","Quilcene","55-64",""
"233","oLfgZntC","Port Townsend (within city limits)","55-64",""
"234","imB6Vknu","Gardiner","65-74","Find some other way than raising everyone’s sales tax."
"235","qQkSDHmb","Port Townsend (within city limits)","75+","My answers on use are conditional upon the pool being a saltwater pool. I cannot tolerate chlorine.  Chlorine is a dealbreaker for me and I would be very disappointed. My physical therapist highly recommend swimming, but there is nowhere to do that safely for me."
"236","XGfdy9cl","Port Townsend (within city limits)","65-74","I myself probably wouldn’t use it much, but I think it’s important for the community to have one, and I support it."
"237","kWC4wNlu","Port Townsend (within city limits)","35-54",""
"238","UcB60bHJ","Marrowstone","75+",""
"239","8KC4MHga","Port Townsend (within city limits)","75+","Just concerned about the cost.  Our community need sooo much and I don't know if an aquatic center is where the finances should  go first.  It's a dilemma for certain."
"240","ewEBmEFF","Port Townsend (within city limits)","65-74","Just build the pool,  indoors.    Allow ground space for an outdoor pool or other expansion in the future.      Just get the pool[s] done and overwith.    Also,  DO keep the MountainView pool intact,   and fix it up [if it really needs fixing] in the future when money is available.  But mainly     get the Hadlock pool built."
"241","Y0CKDRyW","Port Townsend (within city limits)","65-74","When I lived in Seattle, I’d routinely drive 20-30 minutes to reach a lovely outdoor pool in Magnolia, and 45-60 min to reach a stunning outdoor saltwater pool in the summer in West Seattle. When just seeking exercise, I’d drive 10-15 minutes to reach my local pool in Ballard year round. Therefore the outcry here of “No tax for PT pool” seems silly to me because we’re all so close here, when compared to Seattle. I would definitely use the pool in Chimacum, especially if there was a bus from PT."
"242","dGCiQkcS","Port Townsend (outside the city limits)","55-64","Would the sales tax fund operation and maintenance of the aquatic center as well as construction? If not, how would those be funded?"
"243","ojCiN09b","Quilcene","35-54",""
"244","N0CKbdMs","Port Townsend (within city limits)","65-74","We do not use the current pool because it is too cold-below recommended standards. A new pool must be warmer-meet recommended standards-for more people to use it. Most folks I know travel to Sequim or Port Angeles to use their pools."
"245","PikdiFIu","Port Townsend (outside the city limits)","65-74","I support programs that make life better for people even if I don’t personally use them. We are all connected!"
"246","CxfF94LU","Port Townsend (within city limits)","35-54","I would like to use the pool for personal fitness. I think it’s important we have a pool so kids can learn to swim."
"247","fxB67yZM","Port Townsend (within city limits)","55-64","I will only support this project if the cost is reasonable to our community. Better to go more simple and manageable than spend money on unnecessary amenities. I do love the central location. Thank you."
"248","ImB6XAc0","Port Townsend (within city limits)","55-64","I'm very happy that you're considering a location in the Port hadlock area. I've been saying for 10 years or more that a location more central to East Jefferson County was more fair and accessible to all. Good job! I live in Port Townsend and have enjoyed having a pool in Port Townsend and would love to have one again but if this is going to be a county pool he in a place that everybody in East Jefferson County can use it."
"249","GrCiBov0","Port Townsend (outside the city limits)","35-54","I am a teacher at Blue Heron Middle in PT. We use the pool downtown every year with our 7th graders for water safety and team training. Unfortunately, we weren't able to use the pool last year because the boiler needed repairs. We would love to have an updated rec and aqua center. The idea of having a gym, pool, jacuzzi and sauna with actually classes would be amazing. Classes and class times, as well as gym options are limited in PT city limits. We are excited for this possibility in Hadlock! This new facility would be about 5 minutes from our house, so we would use it 5-7 days per week."
"250","b6CYJjrm","Port Townsend (within city limits)","65-74",""
"251","HCfObQhM","Port Townsend (within city limits)","35-54",""
"252","JUEBIFjr","Port Townsend (within city limits)","75+",""
"253","J2EBWpxq","Port Hadlock-Irondale","65-74","The wife and I don't use the current pool because it is in Port Townsend, but we would use it if it were built in Port Hadlock. We think you would get more from South County as well to justify the cost."
"254","flfuMVXd","Port Townsend (outside the city limits)","65-74","An aquatic center is an essential part of a healthy community. Let’s go!"
"255","d2Ci1Dfi","Marrowstone","55-64",""
"256","hwEBzIu7","Marrowstone","65-74","I would use a pool if it was in Hadlock. The port Townsend pool was too far and not inviting / appealing."
"257","bvCY7Nwg","Kala Point","35-54",""
"258","VmEBPaq8","Port Townsend (within city limits)","55-64",""
"259","vqfBtnkq","Port Townsend (within city limits)","65-74","Hope you find the right balance between function, beauty, and efficiency. Green and sustainable. Serving young, prime adult, and older community members would be great. Healthy environmental impact with minimal [no?] use of toxic substances. Renewable energy, too. Would love outdoor fitness stations on the pool/center grounds and a running path around it. Asking a lot, but that's the dream.Thanks."
"260","RnDT0at8","Port Townsend (outside the city limits)","65-74",""
"261","xeCiFJJh","Port Townsend (within city limits)","35-54",""
"262","D9CK8AsR","Port Townsend (within city limits)","65-74","Adult swims would be nice on a regular basis"
"263","bYEBZ6CN","Chimacum","65-74",""
"264","JBDTip0F","Port Townsend (within city limits)","65-74",""
"265","XGB6cPSu","Chimacum","35-54",""
"266","SiEB6Egj","Port Townsend (outside the city limits)","18-34",""
"267","rBB6769g","Port Townsend (within city limits)","55-64",""
"268","7pC4d3Uj","Marrowstone","75+","Best wishes."
"269","nafVPh5w","Port Hadlock-Irondale","35-54",""
"270","xLC4QqJY","Port Ludlow","55-64","Very excited about having a place like this I can actually afford to use! I live in Port Ludlow, but not in an HOA, so cannot afford the outrageous fees the Club charges nonmembers to use their facilities. I would also be interested in a weight room. A small theater with a stage for local groups to use would also be great."
"271","D5C4x5xE","Port Townsend (within city limits)","55-64","I am excited for this new aquatic center!  I support this. I am 60 yrs old and used to compete when I lived in Enumclaw when I was younger. I am a grandma and looking forward to teaching my granddaughter learn how to swim and all the fun activities offer for little ones. (she is 17 months old now). I look forward to going to the Aquatic center often. I love swimming and water, and I have been hoping to have Aquatic center like Sequim but closer to home. I live in Port Townsend. So, thank you for making this possible. I support this."
"272","OrfuDcOm","Kala Point","55-64",""
"273","riCi7gyT","Port Townsend (within city limits)","65-74",""
"274","YQCKOhLV","Port Townsend (within city limits)","55-64","Indoor walking/running track."
"275","C1CYLod8","Port Townsend (within city limits)","65-74","I’m happy the choice for location will serve the county residents.  The tri area bus system will need to be more frequent."
"276","rmB6NuJR","Port Townsend (within city limits)","35-54","All my answers are based on & hoping that this plan is for a salt water pool like in Port Angeles. I cannot & would change my answers if it is chlorine."
"277","Xrkw2kJD","Kala Point","35-54",""
"278","miC4Zq2d","Port Townsend (within city limits)","65-74","This is a long shot, but any possibility of a salt water pool? So much more pleasant to swim in, than a traditional pool"
"279","3QEBCHN9","Port Townsend (outside the city limits)","55-64","Please, Please emphasis the Non Aquatic Recreational features!!.. This should be much more emphasized in your promotion and out reach!!!… People don’t realize this is about a Recreation center!!… a lot of people don’t swim so they will not support it if they think it is JUST a pool,  but would use the non aquatic facilities and classes!! and rent space!!! if they knew it was a recreation Center!!!!!!!!"
"280","QZkj74cw","Port Hadlock-Irondale","75+",""
"281","0yDTLA1E","Port Townsend (outside the city limits)","55-64",""
"282","w9CKS3SV","Port Townsend (within city limits)","18-34",""
"283","wCfvbUia","Port Hadlock-Irondale","65-74","There should be dedicated times for lap swimming, during which the pool would not be used for other activities. It's not worth building a new facility if user charges won't cover the bulk of the operating costs."
"284","iMCYeDPr","Port Townsend (within city limits)","75+","The county needs this facility to happen.  I am hoping that there could be ""matching"" funding between our local philantropists and county taxpayers to construct and maintain our dream of a comprehensive community facility. Our present demographics and economy is hardpressed to add more tax burden on its citizens. As our population is expected to grow, our needs for infrastructure should come first. Access to the proposed property will probably require a roundabout on Rhody Drive, for instance.   There's a lot more infrastructure that needs to take place if we are going to flourish as a community with it's expected growth and needs.  My answers to this survey would be very different if I still had my family living here. Alas. I am a Senior on Soc Sec  living in my home. More tax would hurt, yes, but I also support city/county pride and commitment for our future families!"
"285","ifCYkSrl","Port Hadlock-Irondale","75+","There needs to be more detailed information about construction and operation costs and usage fees. Will we be able to keep it open? Suggest studying Sequim aquatic center experience."
"286","B2B6Xc5s","Port Hadlock-Irondale","65-74","must have services and activity for ALL ages"
"287","FODTfQeM","Port Hadlock-Irondale","65-74",""
"288","zVDTri72","Discovery Bay","65-74","The facility needs to be built in Hadlock, a neutral location for all schools to benefit"
"289","CQB6RJDm","Port Hadlock-Irondale","75+","I fully support the building of an aquatic and recreation facility in EJC. I would use it as often as possible for water aerobics and stretching classes for my advanced age of 77. And the youth NEED to learn to swim in this community surrounded by water! And for healthy recreation. We need this facility for all age groups."
"290","7eCiJIxM","Port Hadlock-Irondale","65-74",""
"291","n9CKa6sw","Port Townsend (outside the city limits)","65-74",""
"292","E1feaTz1","Port Townsend (outside the city limits)","65-74","Even though we do not have any little ones in our family at this time - I would have used it when my kids were small and think it is important for young families.  I would reluctantly  support the increased sales tax but Port Townsend’s sales tax is already 9.4% so that would make our sales tax extremely high.   Thank you for your efforts."
"293","ViCY4sPb","Port Townsend (outside the city limits)","65-74","I swam laps several times a week when I lived in Seattle. Unfortunately the current pool is not inviting. I would definitely support and attend a new facility."
"294","p4kkRT1m","Port Hadlock-Irondale","35-54",""
"295","QUC4phs3","Port Hadlock-Irondale","75+","excited about planned location."
"296","N7kUTmeC","Port Townsend (within city limits)","65-74",""
"297","04C49aE8","Port Hadlock-Irondale","35-54",""
"298","NDCYFHFd","Port Ludlow","55-64",""
"299","myCKnjqQ","Port Ludlow","65-74",""
"300","fGC4P1Lh","Port Townsend (within city limits)","35-54","I hope you have a swim team for adults. I would join a swim team."
"301","ngC41Qnl","Port Townsend (outside the city limits)","55-64","I would be interested in fitness classes, especially for seniors, as well as other activities."
"302","RsEBCACi","Port Townsend (within city limits)","35-54","We would love to have a county based rec and aquatics center that has the ability to provide children and adult activities! Happy to pay into whatever is needed to make this happen. Could the PT golf course be another possible location that might bring more income generation from tourist use as well"
"303","mDCinZcI","Port Hadlock-Irondale","55-64",""
"304","gAfmMiTV","Port Townsend (within city limits)","35-54",""
"305","ntB6Uyrk","Port Hadlock-Irondale","35-54",""
"306","Q2CYgOFi","Port Townsend (within city limits)","35-54","I wish we could build it in PT but I know it is controversial."
"307","ovCKHVAX","Port Ludlow","55-64","I think this center will help build community, invest in our youth and expand the options for families in the area. I like the idea of being able to gather, exercise, see neighbors, and stay healthier."
"308","SVfD9BRZ","Port Townsend (within city limits)","65-74","The old pool was/is associated with the YMCA. I see no mention of the YMCA with regards to the new pool? Please explain this. Thanks"
"309","kSEB9CYV","Port Townsend (within city limits)","35-54",""
"310","S5DTHvJP","Port Townsend (outside the city limits)","65-74","I would love to take my granddaughter, now 5, to the pool on early release Wednesdays - possibly for swimming lessons."
"311","ZSCKmwuu","Port Hadlock-Irondale","75+",""
"312","7mC4JCOJ","Port Townsend (within city limits)","55-64",""
"313","Eckt2mBg","Port Townsend (within city limits)","75+",""
"314","gQkXB3pk","Port Townsend (outside the city limits)","75+",""
"315","9uDToTw9","Port Ludlow","35-54",""
"316","kzC4ElcX","Quilcene","75+","WE JUST WANT TO GO SWIMMING!!"
"317","4ECiB5FM","Chimacum","65-74",""
"318","0JkiJNhh","Marrowstone","65-74",""
"319","7EC4Eb6q","Quilcene","75+","We have supported the idea of a public aquatic center since the beginning. We think that it will be important to the overall health of our community and important as a place to gather and socialize, young and old."
"320","cTDTrnJq","Kala Point","65-74","I would likely use if for lap swim only.  I would prefer to see a Petanque court in addition an yet another Pickleball court. Petanque is low impact and can be played into your 90s. It is more social than Pickleball and is very accessible."
"321","3cCKISon","Port Townsend (outside the city limits)","65-74",""
"322","07B663t1","Port Townsend (outside the city limits)","35-54","I would prefer a facility run by the YMCA"
"323","raDTp5eD","Marrowstone","65-74",""
"324","gjCi3cgL","Port Ludlow","65-74","I’m a democrat and pool supporter, just not in the corner of the county (Port Townsend)"
"325","HFCiRJkg","Port Townsend (within city limits)","75+","I simply can’t afford another tax/bond/fee. I am being spent out of my home."
"326","yHCivIpK","Port Townsend (within city limits)","18-34","Excited about this!"
"327","4KDTzF1R","Port Ludlow","75+","A new facility would open up opportunities for a greater number of people to participate in aquatics and other activities in a more central facility. It would allow me to be able to swim again and participate in aquatic exercise without driving a great distance."
"328","55kXJLnR","Chimacum","35-54",""
"329","VPfw4c4r","Port Townsend (within city limits)","55-64","I would ONLY  be able to use the whole facility if it were free to low income people. Or at least have a drastically reduced fee for usage. I would use the outdoor unheated splash if ESA dogs are allowed-this is a dealbreaker for me."
"330","QhfC1bhu","Port Townsend (within city limits)","65-74","Hope this becomes a Reality for the Whole of Jefferson Country!"
"331","hKfVOpri","Port Townsend (within city limits)","75+",""
"332","Q2C4p1Qq","Port Hadlock-Irondale","55-64","A sauna, especially a wet sauna, is very important to me and my husband. We are would also use a heated pool and gym equipment, and would participate in classes of all types."
"333","uGCYLFXz","Marrowstone","75+",""
"334","GsDTAo0a","Port Townsend (outside the city limits)","75+","I would definitely use the pool for lap swimming, preparing for triathlons"
"335","UJEBDOEK","Coyle","55-64","Why not use chimacum high school?"
"336","ElEB3CuO","Chimacum","75+","I grew up in a rural area...a recreational/swim center opened about 10 miles from our family farm....I was 10 and (sports programs for girls were almost non existent) became a part of their swim program...and eventually competitive team...it added a sense of physical fitness, team spirit, and self confidence that I would not have had if not for a program like this.....yes we competed individually but also relay teams...it was a ""whole family sport""....this was a ""pre title nine"" opportunity not seen in other places...to be able to be confident in the water is an incredible goal for all our rural children!!!"
"337","0EkSOyxi","Port Townsend (within city limits)","55-64",""
"338","wsC41zYc","Port Townsend (within city limits)","55-64",""
"339","wWCYiytm","Port Townsend (within city limits)","75+","This has been such a lengthy and difficult process and needed so badly for all here! Let's do it."
"340","h0C4Grev","Port Townsend (outside the city limits)","55-64","I went to water aerobics at Mountain View 2-3 times a week before the pandemic. I have not returned for various reasons, but I really miss the pool. Please, can there be more effort to refurbish the old pool and building and locker rooms rather than building a Taj Mahal to replace it? Because this state does not have an income tax and because a sales tax is  regressive, so much revenue seems to fall to property owners, and we are getting really uncomfortable about how our property taxes keep rising. I really would like a better pool option, but I am very concerned about spending getting out of control. Many other residents share my concern. Thanks for offering a survey and chance to weigh in."
"341","WIC4t24S","Chimacum","65-74",""
"342","eNkmipFQ","Port Townsend (within city limits)","65-74",""
"343","RiCYfi5r","Cape George","65-74",""
"344","vQCKjbot","Port Townsend (outside the city limits)","35-54",""
"345","7BCKpz8k","Port Townsend (outside the city limits)","55-64",""
"346","pDklr9wb","Port Townsend (within city limits)","75+","As with other projects the outrageous cost projections turned a lot of people off the project altogether. It would be nice to have ability for handicapped people to have access to water exercise with a lift. Perhaps Medicare would pay for this component to make it affordable for seniors and disabled."
"347","v5Ci0zKT","Marrowstone","75+","A weight and exercise room would be nice for those of us needing upper body strength."
"348","EnB6mrk0","Port Townsend (within city limits)","65-74","I would be very happy if the new aquatic facility was built  following all applicable building codes, was designed with common-sense longevity as a guiding vision - no reason a new facility shouldn’t give us 75-100 yrs of satisfactory performance - and wound up rather spartan. A simple building with a pool, gendered bathrooms, changing facilities and showers, spa and sauna, adequate parking, very close proximity to frequent transportation, and that’s it. No need for a Taj Mahal- type over-the-top facility which costs a lot to build and even more to maintain. This may seem like a retro-grouch request, but we humans are pretty darn adaptable and we really don’t need luxury / extravagance ( I know I know - subjective terms hard to define until we see it) when simple  supportive competence will suffice. I’ll verbally and financially support a new aquatic center if it’s a simple, competent low-maintenance built, with sturdy long-lasting materials. Ain’t rocket science- just think 1950’s design meets 2025 materials. Something like that. Good luck!"
"349","EFEByu37","Port Townsend (within city limits)","55-64",""
"350","xGf0JXQb","Quilcene","75+","this more central location makes it more desirable."
"351","z0EBKxN7","Marrowstone","65-74","I am excited to be able to swim again!"
"352","iZCibEiM","Quilcene","35-54","We really need anything geared towards or at least, kid friendly,  in this community! This community is centered around the baby boomer generation and is not very inclusive or tolerant of children. We need safe and healthy places for our teens and young people. We need more places snd activities for families. Our kids need swim lessons!"
"353","w8CilIqk","Marrowstone","55-64","Consider an outdoor picnic area with tables and spiffy playground equipment.  With a trail that contains regular 8-10 stop areas for activities like stretches, maybe a stop for a pull-up bar area, a 5 step up and down area, etc."
"354","XlCK2b25","Marrowstone","65-74","Great idea! A good central location and fabulous for all ages."
"355","y6C40Vfd","Marrowstone","75+","Although I am 75-years old and no young children, I would welcome an exercise pool program, physical therapy, and gym that offers exercise for older residents. I am beyond thrilled the new pool will be centrally located as I have no interest in driving 30-minutes one way to Pt Townsend. The proposed pool will be highly utilized by more Jefferson country residents who would finally have access to healthy recreation. Thank you for choosing Pt Hadlock location."
"356","HOCiZcC1","Port Townsend (within city limits)","65-74",""
"357","1Bk6KszS","Marrowstone","75+",""
"358","QPCKnOWm","Quilcene","75+","Please do not tax, tax, tax to have such a facility. Although this is something we need; find ways to support it without taxing the citizens out of needed living expenses."
"359","l5CYmkZF","Marrowstone","75+","My daughter and her family will soon return to live in Port Townsend. I am pretty sure she will connect her family *young kids"" with the new pool opportunities.  Feeling comfortable with swimming in the waters of Puget Sound is important to me.The community pool will help many individuals, learn how to swim safely and confidently and feel ready to explore the Aquatic waters of Puget Sound which is all around us. Having a safe place to support a beginning swimmer, regardless of their age, is important  and the pool is a good place to get started.         The Port Townsend Pool has been a delightful place for me to connect with friends and families while we played as our kids were growing up in Jefferson County.  Thank you for your support of public facilities in our communities."
"360","CmC4NBmD","Port Hadlock-Irondale","35-54",""
"361","jUB678Nu","Chimacum","35-54",""
"362","8SCKM7h3","Quilcene","75+",""
"363","EJEBZCql","Marrowstone","75+",""
"364","ZREBuLoW","Marrowstone","75+","Build it and we will come!"
"365","L0CKLLrB","Brinnon","65-74","Thanks for considering a more central location. Those of us in South County appreciate it!"
"366","TqB6UVFr","Port Ludlow","65-74","1. I would be supportive if the facility includes  weight/resistance and aerobic equipment.  2. There is no mention on if there will be usage fees as well as the sale tax support.  If there is sales tax support, then I think usage should be free to residence for basic usage such as pool and fitness ."
"367","qmDTmmac","Port Townsend (outside the city limits)","75+","Ridiculously expensive!  Fix the existing pool and get rid of the Woke YMCA!"
"368","2jEB2P4B","Chimacum","55-64","A public pool with some or all the features described would be wonderful, yet there’s insufficient funding at local level to build and support it. There certainly will be no more state or federal funding sources for foreseeable future. What is available are three private homeowner pool with recreational features (Kala Point, Port Ludlow North Bay and South Bay) already in the county, perhaps any of these homeowner groups would be open to lease of their wonderful facilities for some part of each day or week to be open to the public, paid for with public funds."
"369","L1Ci4RFW","Port Townsend (outside the city limits)","18-34",""
"370","33kPoGP8","Marrowstone","65-74",""
"371","1CC4iGmY","Marrowstone","65-74",""
"372","rsCYkAAN","Port Hadlock-Irondale","65-74",""
"373","A1CK19ZU","Port Hadlock-Irondale","35-54",""
"374","IsCK2IVl","Marrowstone","75+","Since we are living in a water-centric area it seems important that we all learn to swim. I played in Lake Michigan as a child but never learned the real skill, not too late to learn."
"375","NxCKoVVK","Port Townsend (outside the city limits)","65-74",""
"376","F8fFFSjw","Port Hadlock-Irondale","55-64","I am eager for space that could host group fitness classes, such as zumba."
"377","oRCiIsJw","Port Townsend (within city limits)","55-64",""
"378","URkWAcxv","Port Townsend (within city limits)","65-74",""
"379","BjB6I909","Cape George","75+",""
"380","zBCivLdu","Port Townsend (within city limits)","35-54",""
"381","x1CYpm7O","Port Ludlow","65-74",""
"382","JzCYoNsw","Port Hadlock-Irondale","65-74",""
"383","5HCi9Tfn","Port Ludlow","55-64",""
"384","mSDT0MpU","Port Townsend (within city limits)","55-64",""
"385","QqB6zoNf","Port Townsend (outside the city limits)","65-74",""
"386","86f3I1FB","Port Hadlock-Irondale","65-74","I would like to see many lanes in a large lap pool to accommodate many people at once."
"387","EWC4WjBc","Port Townsend (within city limits)","65-74","Build it for the whole community. Everyone should know how to swim in our part of the country. And it is an important place to exercise for many people.  We should come together as a community and provide this  it is a worthwhile shared cost. Make the cost clearer. Not just the formula. What would be the cost per year with the levied amount in your property?? Printed need that info to be able to not have a knee jerk reaction."
"388","BbB6EhoJ","Port Townsend (outside the city limits)","75+",""
"389","vJB6gyeN","Port Townsend (outside the city limits)","65-74","Even if we would not use a new facility, we strongly support it for the greater community."
"390","dkB6VnFt","Port Hadlock-Irondale","55-64",""
"391","fzEBvjj6","Brinnon","55-64",""
"392","yKB6CPIL","Port Townsend (within city limits)","18-34",""
"393","lzB69W8G","Quilcene","35-54","I think if you had a gym, hot tub, cold tub, steam room, sauna and cold room you would have a numerous amount of interest since all of these things are trending towards a healthier lifestyle and living longer if all of these are operated at the proper temperatures. Add a café, rock climbing, various other sports and it would serve everyone in the community well. Knock it out of the park by adding everything you said in this survey and it will return on its investment no problem."
"394","HPEBndqA","Quilcene","55-64",""
"395","ftDTMK6W","Discovery Bay","18-34",""
"396","hyCKNHJO","Chimacum","35-54","I think that the YMCA in Silverdale is amazing but too far to drive. I would pay monthly dues and appreciate sliding scale based on income or a family membership for the year for discounted price. We have 3 children that would truly benefit from swimming lessons to open swim family time. I would use it for exercise classes and lap swimming."
"397","O3B6XgSB","Brinnon","75+",""
"398","EnB6r99m","Chimacum","75+",""
"399","T7CK9Bdm","Marrowstone","65-74",""
"400","IMCiTit4","Port Townsend (outside the city limits)","65-74",""
